Username,User ID,Category
ford,215007312,auto
honda,260574228,auto
forever21,11707579,fashion & apparel
topshop,4165329,fashion & apparel
nfl,205593849,sports
nba,20824486,sports
madewell1937,38624737,fashion & apparel
urbanoutfitters,5413187,fashion & apparel
louboutinworld,11285087,fashion & apparel
gucci,2421050,fashion & apparel
nordstrom,25501780,fashion & apparel
oreo,266689531,CPG
audi,10943735,auto
mercedesbenz,25749975,auto
bmw,43109246,auto
sephora,23818608,health & beauty
redbull,476322,CPG
nike,13460080,fashion & apparel
vans,18919774,fashion & apparel
converse,6716197,fashion & apparel
chubbies,8708751,fashion & apparel
patagonia,143939018,fashion & apparel
microsoft,524549267,technology
generalelectric,3839414,technology
samsungmobile,281764286,technology
samsungusa,282271755,technology
toyotausa,270957561,auto
disney,284634734,entertainment
intel,11424159,technology
cisco,198077796,technology
oracle,314973537,technology
hp,299490091,technology
amazon,845447128,ecommerce
louisvuitton,187619120,fashion & apparel
hm,23410080,fashion & apparel
americanexpress,7063352,financial services
pepsi,355867731,CPG
sapsoftware,249160192,technology
ikeausa,306227404,retailer
ebay,21695262,ecommerce
facebook,1807199,technology
vw,214315114,auto
budweiser,611930682,alcohol 
zara,602725764,fashion & apparel
canonusa,1315608830,technology
nescafe,864692,CPG
hyundaiusa,37795667,auto
lorealparisusa,182211878,health & beauty
hermes,248150720,fashion & apparel
siemens_usa,1065745185,technology
nestletollhouse,691878454,CPG
adidasoriginals,9187952,fashion & apparel
americanapparelusa,22081838,fashion & apparel
chanelofficial,695995017,fashion & apparel
fcbarcelona,260375673,sports
gopro,28902942,technology
instagram,25025320,technology
nikefootball,23678829,fashion & apparel
victoriassecret,3416684,fashion & apparel
adidas,20269764,fashion & apparel
asics,242236354,fashion & apparel
aldo_shoes,190611159,fashion & apparel
chineselaundry,26976356,fashion & apparel
clarksshoes,244689943,fashion & apparel
hunterboots,46548488,fashion & apparel
keds,21283002,fashion & apparel
manoloblahnikhq,198458617,fashion & apparel
loefflerrandall,22972316,fashion & apparel
melissashoes,1102964205,fashion & apparel
metooshoes,202439896,fashion & apparel
ninashoes,228234801,fashion & apparel
ninewest,13724407,fashion & apparel
puma,10145706,fashion & apparel
saucony,26405223,fashion & apparel
seychellesshoes,25048800,fashion & apparel
timberland,5561853,fashion & apparel
tods,321669599,fashion & apparel
toms,5218673,fashion & apparel
gatorade,19933454,CPG
hitachi,2914231,technology
verizon,302885848,technology
applemusic,365041587,technology
googlemaps,336431628,technology
microsoftstore,608724312,technology
microsoftlumia,256679330,technology
att,4137844,technology
walmart,391362994,retailer
cocacola,249655166,CPG
wellsfargo,1197189422,financial services
telemundo,2774594,entertainment
shell,588282712,oil & gas
vodafonearena,1003901688,technology
citibank,819240211,financial services
chase,1662434192,financial services
homedepot,29740022,retailer
mitsubishimotors,46820548,auto
siemens,648766121,technology
oitnb,399304491,entertainment
ups,1485818469,shipping servies
nissan,306210649,auto
nissanusa,321923903,auto
comcastca,307199058,technology
walgreens,7602583,retailer
target,209372398,retailer
targetstyle,8914847,retailer
deloitte,2866331,financial services
foxnews,188154866,entertainment
foxtv,12716582,entertainment
foxsports,184629764,entertainment
lorealparisofficial,1323766664,health & beauty
subway,1460829497,QSR
3m,306319359,technology
nbcnews,1269598,entertainment
nbcagt,255788740,entertainment
nbctv,42817733,entertainment
nbcchicagofire,54082565,entertainment
nbcicandothat,1684524955,entertainment
nbcdays,371263999,entertainment
nbcnewyork,19009288,entertainment
nbcchicagopd,359846124,entertainment
nbcla,26628101,entertainment
nbcchicagomed,1287080154,entertainment
nbc6,26725609,entertainment
nbcsports,55790721,entertainment
nbcsandiego,26840405,entertainment
nbcchicago,19177320,entertainment
nbcsvu,255758563,entertainment
datelinenbc,14771266,entertainment
abcfamily,327054692,entertainment
abcnews,327693598,entertainment
abcnetwork,295078956,entertainment
abctheview,320728563,entertainment
abc7la,317111047,entertainment
abc30_actionnews,332864021,entertainment
abc7chicago,326513240,entertainment
abc7ny,52491273,entertainment
abc7newsbayarea,490732556,entertainment
abccastle,322763313,entertainment
abcthechew,192948241,entertainment
cbs_bigbrother,424570477,entertainment
cbsnews,3048245,entertainment
cbssports,185336999,entertainment
cbstv,2440497,entertainment
cbsthismorning,18099218,entertainment
crimmindscbs,1458043509,entertainment
cbssundaymorning,2138185630,entertainment
officialsurvivor_cbs,1501333655,entertainment
cbseveningnews,480609945,entertainment
bigbangtheory_cbs,1532488534,entertainment
cbstvstudios,231384486,entertainment
ncis_cbs,225239591,entertainment
starbucks,1034466,QSR
accenture,261086405,consulting services
tescofood,457834082,retailer
costco,1286044267,retailer
directv,173776491,technology
directvsports,440593713,technology
capitalone,578045120,financial services
panasonicusa,196450677,technology
toshibausa,15719939,technology
visa_us,401435476,financial services
philips,210692074,technology
sony,181491598,technology
sonypictures,179147980,entertainment
sonyanimation,20167137,entertainment
renault_live,21398179,auto
dell,267619722,technology
macys,13806065,fashion & apparel
paypal,211382765,financial services
warnerbrosentertainment,194042169,entertainment
wbpictures,181800403,entertainment
chevrolet,3667322,auto
espn,1320207,entertainment
espnmikeandmike,430992202,entertainment
espnw,18473521,entertainment
espnmondaynight,1971876158,entertainment
mastercard,7889082,financial services
plentirewards,1330611889,financial services
sprint,440776205,technology
adidashoops,29180689,fashion & apparel
adidasfootball,640806256,fashion & apparel
adidasuk,353727415,fashion & apparel
adidaswomen,39486634,fashion & apparel
adidasskateboarding,212466683,fashion & apparel
adidasrunning,536176622,fashion & apparel
nikewomen,376999500,fashion & apparel
nikesportwear,320419141,fashion & apparel
nikebasketball,306787899,fashion & apparel
nikerunning,286654768,fashion & apparel
nikelab,366556074,fashion & apparel
usnikefootball,216428958,fashion & apparel
nikebaseball,2568684,fashion & apparel
nikegolf,53081418,fashion & apparel
xbox,365842972,technology
landroverusa,187862194,auto
landrover,380046043,auto
uniqlo_uk,35856947,fashion & apparel
basf_global,2079407398,technology
emirates,633812768,airline
cartier,479089799,fashion & apparel
aetv,43242550,entertainment
delta,25011809,airline
peugeot,259764292,auto
purina,224714215,CPG
purinacatchow,525585016,CPG
purinaonedog,260992204,CPG
proplan,889163400,CPG
purinadogchow,249158337,CPG
purinaproclub,908462818,CPG
playstation,9766379,technology
nordstromrack,46939780,fashion & apparel
nordstrommen,269197373,fashion & apparel
krogerco,1372092025,retailer
bbcradio1,3810502,entertainment
bbcnews,16278726,entertainment
bbcsport,349617059,entertainment
bbcamerica,1639724,entertainment
bbc1xtra,350633183,entertainment
heinzketchup_us,713864832,CPG
cadillac,186665381,auto
cadburyuk,2045965,CPG
allstate,13401947,financial services
bridgestonetires,1501178621,auto
bridgestonegolf,7547919,auto
johnniewalker,181692521,alcohol
sherwinwilliams,271289096,retailer
aeropostale,42583155,fashion & apparel
rolexgram,1215224587,fashion & apparel
fcbayern,378496191,sports
chelseafc,244309106,sports
fcporto,1005748973,sports
mcfcofficial,5880761,sports
nycfc,417519217,sports
fcbfrauen,375462603,sports
fcb_basketball,322354302,sports
s04,456497772,sports
southhamptonfc,962967320,sports
fcbasel1893_offiziell,490103681,sports
cartolafc,1229733351,sports
fcfseleccioncol,329025167,sports
michaelkors,1906837,fashion & apparel
pantene,459676149,health & beauty
mgmgrand,564325851,hospitality
mandalaybay,232246876,hospitality
excaliburvegas,10580788,hospitality
arialv,204997163,hospitality
luxorlv,18515890,hospitality
palmscasinoresort,56180751,hospitality
kiamotorsusa,53390935,auto
nescafemex,20215545,CPG
budlight,1062325322,alcohol
dunkindonuts,26000969,QSR
pizzahut,1906037,QSR
kfc,331263521,QSR
sonicdrivein,198859578,QSR
mcdonalds,18343150,QSR
burgerking,264339926,QSR
tacobell,29009227,QSR
wendys,20703145,QSR
united,238426677,airline
americanair,6072246,airline
southwestair,1699752,airline
jetblue,11225105,airline
alaskaair,2317246,airline
virginamerica,18340692,airline